[
  { "set_id": "corocoro", "card_number": "N/A", "name": "Pikachu Illustrator", "tier": "GOD" },
  { "set_id": "topsun1995", "card_number": "6", "name": "Topsun Charizard (Blue Back)", "tier": "GOD" },
  { "set_id": "promo1997", "card_number": "N/A", "name": "Trophy Pikachu Silver (2nd Place)", "tier": "GOD" },
  { "set_id": "base1", "card_number": "4", "name": "Charizard (1st Edition Shadowless)", "tier": "VINTAGE" },
  { "set_id": "wotc_pres", "card_number": "009/165R", "name": "Blastoise Wizards of the Coast Presentation", "tier": "GOD" },
  { "set_id": "promo1997", "card_number": "N/A", "name": "Trophy Pikachu Bronze (3rd Place)", "tier": "GOD" },
  { "set_id": "sm_promo", "card_number": "TPCi01", "name": "Ishihara GX Promo (Signed)", "tier": "GOD" },
  { "set_id": "promo1998", "card_number": "N/A", "name": "Kangaskhan Family Event Trophy", "tier": "GOD" },
  { "set_id": "promo1999", "card_number": "N/A", "name": "No. 1 Trainer Super Secret Battle", "tier": "GOD" },
  { "set_id": "neo1", "card_number": "9", "name": "Lugia (1st Edition)", "tier": "VINTAGE" },
  { "set_id": "swsh7", "card_number": "215/203", "name": "Umbreon VMAX (Alternate Art Secret)", "tier": "LEGEND" },
  { "set_id": "ex9", "card_number": "107/107", "name": "Rayquaza Gold Star", "tier": "VINTAGE" },
  { "set_id": "ex13", "card_number": "100/101", "name": "Charizard Gold Star", "tier": "VINTAGE" },
  { "set_id": "pop5", "card_number": "26/17", "name": "Umbreon Gold Star", "tier": "VINTAGE" },
  { "set_id": "sv3pt5", "card_number": "199/165", "name": "Charizard ex (Special Illustration Rare)", "tier": "LEGEND" },
  { "set_id": "neo4", "card_number": "107", "name": "Shining Charizard (1st Edition)", "tier": "VINTAGE" },
  { "set_id": "swsh11", "card_number": "186/196", "name": "Giratina V (Alternate Art)", "tier": "LEGEND" },
  { "set_id": "base1", "card_number": "2", "name": "Blastoise (1st Edition Shadowless)", "tier": "VINTAGE" },
  { "set_id": "base1", "card_number": "15", "name": "Venusaur (1st Edition Shadowless)", "tier": "VINTAGE" },
  { "set_id": "skyridge", "card_number": "146", "name": "Crystal Charizard (Holo)", "tier": "VINTAGE" },
  { "set_id": "swsh12pt5", "card_number": "GG69", "name": "Giratina VSTAR (Galarian Gallery)", "tier": "LEGEND" },
  { "set_id": "swsh8", "card_number": "271/264", "name": "Gengar VMAX (Alternate Art Secret)", "tier": "LEGEND" },
  { "set_id": "gym2", "card_number": "2", "name": "Blaine's Charizard (1st Edition)", "tier": "VINTAGE" },
  { "set_id": "gym2", "card_number": "29", "name": "Sabrina's Gengar (1st Edition)", "tier": "VINTAGE" },
  { "set_id": "sv6", "card_number": "214/167", "name": "Greninja ex (Special Illustration Rare)", "tier": "LEGEND" },
  { "set_id": "sm12", "card_number": "236/236", "name": "Latios & Latias GX (Alternate Art)", "tier": "LEGEND" },
  { "set_id": "swsh7", "card_number": "218/203", "name": "Rayquaza VMAX (Alternate Art Secret)", "tier": "LEGEND" },
  { "set_id": "neo3", "card_number": "65", "name": "Shining Gyarados (1st Edition)", "tier": "VINTAGE" },
  { "set_id": "ex11", "card_number": "108/109", "name": "Torchic Gold Star", "tier": "VINTAGE" },
  { "set_id": "sm_promo", "card_number": "N/A", "name": "Lillie (Extra Battle Day)", "tier": "GOD" },
  { "set_id": "base1", "card_number": "58", "name": "Pikachu (1st Edition Red Cheeks)", "tier": "VINTAGE" },
  { "set_id": "ex9", "card_number": "105/107", "name": "Latias Gold Star", "tier": "VINTAGE" },
  { "set_id": "ex9", "card_number": "106/107", "name": "Latios Gold Star", "tier": "VINTAGE" },
  { "set_id": "swsh10", "card_number": "172/189", "name": "Machamp V (Alternate Art)", "tier": "LEGEND" },
  { "set_id": "promo1998", "card_number": "N/A", "name": "University Magikarp", "tier": "GOD" },
  { "set_id": "sm5", "card_number": "147/156", "name": "Lillie (Full Art)", "tier": "LEGEND" },
  { "set_id": "sv3pt5", "card_number": "200/165", "name": "Blastoise ex (Special Illustration Rare)", "tier": "LEGEND" },
  { "set_id": "sv3pt5", "card_number": "198/165", "name": "Venusaur ex (Special Illustration Rare)", "tier": "LEGEND" },
  { "set_id": "sv3pt5", "card_number": "202/165", "name": "Zapdos ex (Special Illustration Rare)", "tier": "LEGEND" },
  { "set_id": "sv3pt5", "card_number": "168/165", "name": "Charmander (Illustration Rare)", "tier": "LEGEND" },
  { "set_id": "sv8pt5", "card_number": "N/A", "name": "Umbreon ex (Special Illustration Rare)", "tier": "LEGEND" },
  { "set_id": "promo1999", "card_number": "N/A", "name": "Tropical Wind (Tropical Mega Battle)", "tier": "GOD" },
  { "set_id": "dppt_storm", "card_number": "103/100", "name": "Charizard (Secret Rare)", "tier": "VINTAGE" },
  { "set_id": "ex10", "card_number": "113/115", "name": "Raikou Gold Star", "tier": "VINTAGE" },
  { "set_id": "ex10", "card_number": "114/115", "name": "Suicune Gold Star", "tier": "VINTAGE" },
  { "set_id": "ex10", "card_number": "115/115", "name": "Entei Gold Star", "tier": "VINTAGE" },
  { "set_id": "pop5", "card_number": "16/17", "name": "Espeon Gold Star", "tier": "VINTAGE" },
  { "set_id": "promo2010", "card_number": "N/A", "name": "Master's Key Prize Card", "tier": "GOD" },
  { "set_id": "base1", "card_number": "8", "name": "Machamp (1st Edition Shadowless)", "tier": "VINTAGE" },
  { "set_id": "swsh9", "card_number": "154/172", "name": "Charizard V (Alternate Art)", "tier": "LEGEND" },
  { "set_id": "ex11", "card_number": "107/109", "name": "Mudkip Gold Star", "tier": "VINTAGE" },
  { "set_id": "ex11", "card_number": "109/109", "name": "Treecko Gold Star", "tier": "VINTAGE" },
  { "set_id": "skyridge", "card_number": "145", "name": "Crystal Celebi (Holo)", "tier": "VINTAGE" },
  { "set_id": "skyridge", "card_number": "149", "name": "Crystal Lugia (Holo)", "tier": "VINTAGE" },
  { "set_id": "aquapolis", "card_number": "147", "name": "Crystal Kingdra (Holo)", "tier": "VINTAGE" },
  { "set_id": "aquapolis", "card_number": "148", "name": "Crystal Lugia (Holo)", "tier": "VINTAGE" },
  { "set_id": "aquapolis", "card_number": "149", "name": "Crystal Nidoking (Holo)", "tier": "VINTAGE" },
  { "set_id": "skyridge", "card_number": "147", "name": "Crystal Crobat (Holo)", "tier": "VINTAGE" },
  { "set_id": "skyridge", "card_number": "148", "name": "Crystal Golem (Holo)", "tier": "VINTAGE" },
  { "set_id": "skyridge", "card_number": "150", "name": "Crystal Ho-Oh (Holo)", "tier": "VINTAGE" },
  { "set_id": "ex12", "card_number": "91/92", "name": "Gyarados Gold Star", "tier": "VINTAGE" },
  { "set_id": "ex12", "card_number": "92/92", "name": "Mewtwo Gold Star", "tier": "VINTAGE" },
  { "set_id": "ex12", "card_number": "93/92", "name": "Pikachu Gold Star", "tier": "VINTAGE" },
  { "set_id": "ex13", "card_number": "101/101", "name": "Mew Gold Star", "tier": "VINTAGE" },
  { "set_id": "ex14", "card_number": "99/100", "name": "Alakazam Gold Star", "tier": "VINTAGE" },
  { "set_id": "ex14", "card_number": "100/100", "name": "Celebi Gold Star", "tier": "VINTAGE" },
  { "set_id": "ex15", "card_number": "101/108", "name": "Flareon Gold Star", "tier": "VINTAGE" },
  { "set_id": "ex15", "card_number": "102/108", "name": "Jolteon Gold Star", "tier": "VINTAGE" },
  { "set_id": "ex15", "card_number": "103/108", "name": "Vaporeon Gold Star", "tier": "VINTAGE" },
  { "set_id": "promo2006", "card_number": "N/A", "name": "World Championships No. 2 Trainer (Anaheim)", "tier": "GOD" },
  { "set_id": "sv2", "card_number": "243/193", "name": "Magikarp (Illustration Rare)", "tier": "LEGEND" },
  { "set_id": "swsh7", "card_number": "167/203", "name": "Leafeon V (Alternate Art)", "tier": "LEGEND" },
  { "set_id": "swsh7", "card_number": "184/203", "name": "Sylveon V (Alternate Art)", "tier": "LEGEND" },
  { "set_id": "swsh7", "card_number": "189/203", "name": "Glaciara V (Alternate Art)", "tier": "LEGEND" },
  { "set_id": "swsh7", "card_number": "194/203", "name": "Rayquaza V (Alternate Art)", "tier": "LEGEND" },
  { "set_id": "swsh7", "card_number": "205/203", "name": "Leafeon VMAX (Alternate Art Secret)", "tier": "LEGEND" },
  { "set_id": "swsh7", "card_number": "209/203", "name": "Glaciara VMAX (Alternate Art Secret)", "tier": "LEGEND" },
  { "set_id": "swsh7", "card_number": "212/203", "name": "Sylveon VMAX (Alternate Art Secret)", "tier": "LEGEND" },
  { "set_id": "swsh4", "card_number": "188/185", "name": "Pikachu VMAX (Rainbow Rare)", "tier": "LEGEND" },
  { "set_id": "sm3", "card_number": "150/147", "name": "Charizard GX (Rainbow Rare)", "tier": "LEGEND" },
  { "set_id": "swsh5", "card_number": "154/163", "name": "Tyranitar V (Alternate Full Art)", "tier": "LEGEND" },
  { "set_id": "swsh6", "card_number": "177/198", "name": "Galarian Moltres V (Alternate Art)", "tier": "LEGEND" },
  { "set_id": "swsh6", "card_number": "201/198", "name": "Blaziken VMAX (Alternate Art Secret)", "tier": "LEGEND" },
  { "set_id": "swsh10", "card_number": "177/189", "name": "Origin Forme Palkia V (Alternate Art)", "tier": "LEGEND" },
  { "set_id": "sv4pt5", "card_number": "232/091", "name": "Mew ex (Special Illustration Rare)", "tier": "LEGEND" },
  { "set_id": "sv4pt5", "card_number": "234/091", "name": "Charizard ex (Special Illustration Rare)", "tier": "LEGEND" },
  { "set_id": "sv6", "card_number": "215/167", "name": "Carmine (Special Illustration Rare)", "tier": "LEGEND" },
  { "set_id": "sv7", "card_number": "173/142", "name": "Terapagos ex (Special Illustration Rare)", "tier": "LEGEND" },
  { "set_id": "sv8", "card_number": "202/191", "name": "Pikachu ex (Special Illustration Rare)", "tier": "LEGEND" },
  { "set_id": "base1", "card_number": "1", "name": "Alakazam (1st Edition Shadowless)", "tier": "VINTAGE" },
  { "set_id": "base1", "card_number": "3", "name": "Chansey (1st Edition Shadowless)", "tier": "VINTAGE" },
  { "set_id": "base1", "card_number": "6", "name": "Gyarados (1st Edition Shadowless)", "tier": "VINTAGE" },
  { "set_id": "base1", "card_number": "10", "name": "Mewtwo (1st Edition Shadowless)", "tier": "VINTAGE" },
  { "set_id": "base1", "card_number": "11", "name": "Nidoking (1st Edition Shadowless)", "tier": "VINTAGE" },
  { "set_id": "base1", "card_number": "12", "name": "Ninetales (1st Edition Shadowless)", "tier": "VINTAGE" },
  { "set_id": "base1", "card_number": "14", "name": "Raichu (1st Edition Shadowless)", "tier": "VINTAGE" },
  { "set_id": "base1", "card_number": "16", "name": "Zapdos (1st Edition Shadowless)", "tier": "VINTAGE" },
  { "set_id": "neo4", "card_number": "106", "name": "Shining Celebi (1st Edition)", "tier": "VINTAGE" },
  { "set_id": "neo4", "card_number": "108", "name": "Shining Kabutops (1st Edition)", "tier": "VINTAGE" },
  { "set_id": "neo4", "card_number": "109", "name": "Shining Mewtwo (1st Edition)", "tier": "VINTAGE" },
  { "set_id": "neo4", "card_number": "110", "name": "Shining Noctowl (1st Edition)", "tier": "VINTAGE" },
  { "set_id": "neo4", "card_number": "111", "name": "Shining Raichu (1st Edition)", "tier": "VINTAGE" },
  { "set_id": "neo4", "card_number": "112", "name": "Shining Steelix (1st Edition)", "tier": "VINTAGE" },
  { "set_id": "neo4", "card_number": "113", "name": "Shining Tyranitar (1st Edition)", "tier": "VINTAGE" },
  { "set_id": "ex13", "card_number": "99/101", "name": "Entei ex (Delta Species)", "tier": "VINTAGE" },
  { "set_id": "ex9", "card_number": "108/107", "name": "Rocket's Raikou ex", "tier": "VINTAGE" },
  { "set_id": "swsh12", "card_number": "186/195", "name": "Lugia V (Alternate Art)", "tier": "LEGEND" },
  { "set_id": "sv3", "card_number": "223/197", "name": "Charizard ex (Special Illustration Rare)", "tier": "LEGEND" },
  { "set_id": "promo1999", "card_number": "N/A", "name": "Snap Gyarados", "tier": "GOD" },
  { "set_id": "promo1999", "card_number": "N/A", "name": "Snap Magikarp", "tier": "GOD" },
  { "set_id": "promo1999", "card_number": "N/A", "name": "Snap Pikachu", "tier": "GOD" },
  { "set_id": "promo1999", "card_number": "N/A", "name": "Snap Charmander", "tier": "GOD" },
  { "set_id": "promo1999", "card_number": "N/A", "name": "Snap Squirtle", "tier": "GOD" },
  { "set_id": "promo1999", "card_number": "N/A", "name": "Snap Bulbasaur", "tier": "GOD" },
  { "set_id": "swsh8", "card_number": "264/264", "name": "Mew VMAX (Alternate Art Secret)", "tier": "LEGEND" },
  { "set_id": "sv1", "card_number": "258/198", "name": "Miriam (Special Illustration Rare)", "tier": "LEGEND" },
  { "set_id": "swsh9", "card_number": "166/172", "name": "Arceus V (Alternate Art)", "tier": "LEGEND" },
  { "set_id": "swsh11", "card_number": "177/196", "name": "Aerodactyl V (Alternate Art)", "tier": "LEGEND" },
  { "set_id": "ex1", "card_number": "103/109", "name": "Mewtwo ex", "tier": "VINTAGE" },
  { "set_id": "ex2", "card_number": "97/97", "name": "Raichu ex", "tier": "VINTAGE" },
  { "set_id": "ex4", "card_number": "93/95", "name": "Groudon ex", "tier": "VINTAGE" },
  { "set_id": "ex4", "card_number": "94/95", "name": "Kyogre ex", "tier": "VINTAGE" },
  { "set_id": "ex13", "card_number": "100/101", "name": "Charizard ex (Delta Species)", "tier": "VINTAGE" },
  { "set_id": "base1", "card_number": "5", "name": "Clefairy (1st Edition Shadowless)", "tier": "VINTAGE" },
  { "set_id": "base1", "card_number": "7", "name": "Hitmonchan (1st Edition Shadowless)", "tier": "VINTAGE" },
  { "set_id": "base1", "card_number": "9", "name": "Magneton (1st Edition Shadowless)", "tier": "VINTAGE" },
  { "set_id": "base1", "card_number": "13", "name": "Poliwrath (1st Edition Shadowless)", "tier": "VINTAGE" },
  { "set_id": "neo3", "card_number": "66", "name": "Shining Magikarp (1st Edition)", "tier": "VINTAGE" },
  { "set_id": "neo4", "card_number": "105", "name": "Shining Charizard", "tier": "VINTAGE" },
  { "set_id": "ex11", "card_number": "105/109", "name": "Rocket's Mewtwo ex", "tier": "VINTAGE" },
  { "set_id": "ex11", "card_number": "106/109", "name": "Rocket's Snorlax ex", "tier": "VINTAGE" },
  { "set_id": "ex11", "card_number": "107/109", "name": "Rocket's Zapdos ex", "tier": "VINTAGE" },
  { "set_id": "gym2", "card_number": "14", "name": "Rocket's Mewtwo (1st Edition)", "tier": "VINTAGE" },
  { "set_id": "gym2", "card_number": "15", "name": "Rocket's Zapdos (1st Edition)", "tier": "VINTAGE" },
  { "set_id": "sv4", "card_number": "251/182", "name": "Roaring Moon ex (Special Illustration Rare)", "tier": "LEGEND" },
  { "set_id": "sv5", "card_number": "208/162", "name": "Raging Bolt ex (Special Illustration Rare)", "tier": "LEGEND" },
  { "set_id": "swsh5", "card_number": "155/163", "name": "Empoleon V (Alternate Art)", "tier": "LEGEND" },
  { "set_id": "swsh7", "card_number": "175/203", "name": "Flareon V (Alternate Art)", "tier": "LEGEND" },
  { "set_id": "swsh7", "card_number": "177/203", "name": "Vaporeon V (Alternate Art)", "tier": "LEGEND" },
  { "set_id": "swsh7", "card_number": "179/203", "name": "Jolteon V (Alternate Art)", "tier": "LEGEND" },
  { "set_id": "swsh7", "card_number": "188/203", "name": "Espeon V (Alternate Art)", "tier": "LEGEND" },
  { "set_id": "swsh7", "card_number": "192/203", "name": "Umbreon V (Alternate Art)", "tier": "LEGEND" },
  { "set_id": "swsh12", "card_number": "184/195", "name": "Unown V (Alternate Art)", "tier": "LEGEND" },
  { "set_id": "swsh11", "card_number": "186/196", "name": "Giratina V (Alternate Art)", "tier": "LEGEND" },
  { "set_id": "swsh11", "card_number": "184/196", "name": "Rotom V (Alternate Art)", "tier": "LEGEND" },
  { "set_id": "swsh10", "card_number": "167/189", "name": "Beedrill V (Alternate Art)", "tier": "LEGEND" },
  { "set_id": "swsh10", "card_number": "175/189", "name": "Hisuian Sneasler V (Alternate Art)", "tier": "LEGEND" },
  { "set_id": "sv2", "card_number": "252/193", "name": "Iono (Special Illustration Rare)", "tier": "LEGEND" },
  { "set_id": "sv1", "card_number": "257/198", "name": "Gardevoir ex (Special Illustration Rare)", "tier": "LEGEND" },
  { "set_id": "swsh7", "card_number": "180/203", "name": "Espeon VMAX (Alternate Art Secret)", "tier": "LEGEND" },
  { "set_id": "swsh7", "card_number": "190/203", "name": "Vaporeon VMAX (Alternate Art Secret)", "tier": "LEGEND" },
  { "set_id": "swsh7", "card_number": "191/203", "name": "Jolteon VMAX (Alternate Art Secret)", "tier": "LEGEND" },
  { "set_id": "swsh7", "card_number": "204/203", "name": "Flareon VMAX (Alternate Art Secret)", "tier": "LEGEND" },
  { "set_id": "swsh10", "card_number": "160/189", "name": "Irida (Full Art)", "tier": "LEGEND" },
  { "set_id": "swsh12", "card_number": "193/195", "name": "Serena (Full Art)", "tier": "LEGEND" },
  { "set_id": "sv3pt5", "card_number": "203/165", "name": "Erika's Invitation (Special Illustration Rare)", "tier": "LEGEND" },
  { "set_id": "sv4", "card_number": "252/182", "name": "Iron Valiant ex (Special Illustration Rare)", "tier": "LEGEND" },
  { "set_id": "swsh10", "card_number": "188/189", "name": "Starmie V (Trainer Gallery)", "tier": "LEGEND" },
  { "set_id": "swsh9", "card_number": "TG16", "name": "Sylveon VMAX (Trainer Gallery)", "tier": "LEGEND" },
  { "set_id": "swsh9", "card_number": "TG23", "name": "Umbreon VMAX (Trainer Gallery)", "tier": "LEGEND" },
  { "set_id": "sv4pt5", "card_number": "233/091", "name": "Gardevoir ex (Special Illustration Rare)", "tier": "LEGEND" },
  { "set_id": "sv5", "card_number": "209/162", "name": "Iron Crown ex (Special Illustration Rare)", "tier": "LEGEND" },
  { "set_id": "sv5", "card_number": "213/162", "name": "Iron Leaves ex (Special Illustration Rare)", "tier": "LEGEND" },
  { "set_id": "swsh12pt5", "card_number": "GG70", "name": "Arceus VSTAR (Galarian Gallery)", "tier": "LEGEND" },
  { "set_id": "swsh12pt5", "card_number": "GG68", "name": "Palkia VSTAR (Galarian Gallery)", "tier": "LEGEND" },
  { "set_id": "swsh12pt5", "card_number": "GG67", "name": "Dialga VSTAR (Galarian Gallery)", "tier": "LEGEND" },
  { "set_id": "promo2025", "card_number": "N/A", "name": "Team Rocket's Mewtwo ex (SIR)", "tier": "LEGEND" },
  { "set_id": "base1", "card_number": "46", "name": "Charmander (1st Edition Shadowless)", "tier": "VINTAGE" },
  { "set_id": "base1", "card_number": "44", "name": "Bulbasaur (1st Edition Shadowless)", "tier": "VINTAGE" },
  { "set_id": "base1", "card_number": "63", "name": "Squirtle (1st Edition Shadowless)", "tier": "VINTAGE" },
  { "set_id": "base1", "card_number": "58", "name": "Pikachu (Yellow Cheeks 1st Edition)", "tier": "VINTAGE" }
]